No,CommentNo,Char,Comment,RubyComment
1,CHAP1-1, ,ハルトは{親友|しんゆう}のリクと{放課後|ほうかご}、{公園|こうえん}でサッカーをしていた。,
2,CHAP1-2, ,{夕方|ゆうがた}5{時|じ}、{音楽|おんがく}が{鳴|な}る。,
3,CHAP1-3,ハルト,ちぇっ、もう{終|お}わりか。,
4,CHAP1-4,リク,また{明日|あした}、{学校|がっこう}でやろうぜ！,
5,CHAP1-5, ,{家|いえ}に{帰|かえ}るため、リクが{公園|こうえん}から{出|で}るのを{追|お}うようにハルトが{追|お}いかける。,
6,CHAP1-6, ,その{時|とき}、リクの{後|うし}ろに{紫色|むらさきいろ}のもやが{見|み}えた{気|き}がした。,
7,CHAP1-7,ハルト,…?,
8,CHAP1-8, ,―{次|つぎ}の{日|ひ}―,
9,CHAP1-9, ,{休|やす}み{時間|じかん}が{始|はじ}まるチャイムと{共|とも}にハルトは{勢|いきお}いよく{校庭|こうてい}に{飛|と}び{出|だ}す。,
10,CHAP1-10,ハルト,よっしゃー！いっちばーん！,
11,CHAP1-11, ,{校庭|こうてい}に1{番|ばん}で{着|つ}いたハルトはリクとサッカーをするために{待|ま}っていた。,
12,CHAP1-12,リク,…,
13,CHAP1-13,ハルト,お、{来|き}た{来|き}た！{遅|おそ}いぞ！,
14,CHAP1-14, ,リクがゆっくりハルトに{近|ちか}づいてくるしかし、その{様子|ようす}はどこかおかしい。,
15,CHAP1-15, ,{猫背|ねこぜ}で{目|め}は{赤|あか}くなっており、{目|め}を{見開|みひら}きながら{歯|は}を{食|く}いしばっていた。,
16,CHAP1-16,リク,お、おれは{悪|わる}くなーーい！,
17,CHAP1-17,ハルト,ど、どうしたんだよ{急|きゅう}に！,
18,CHAP1-18, ,リクが{急|きゅう}に{怒|いか}り{始|はじ}めたと{思|おも}ったらリクの{頭|あたま}の{上|うえ}に{変|へん}な{化|ば}け{物|もの}が{見|み}えた。,
19,CHAP1-19,イライラハリネズミ,キーキッキ！おいらは「イライラネズミ」！{昨日|きのう}こいつが{帰|かえ}った{後|あと}にとりついてやったのさ！,
20,CHAP1-20,イライラハリネズミ,こいつは{今|いま}ゲームができなくてイライラしているんだ！お{前|まえ}も{邪魔|じゃま}するならとりついてやるぞ！,
21,CHAP1-21, ,そういうとイライラネズミは{襲|おそ}い{掛|か}かってきた！,
22,CHAP2-1, ,ともだちは今「いぞんしょう」にとりつかれてるよ！,チュートリアル
23,CHAP2-2, ,いぞんしょうをやっつけるには「ココロのピース」をパズル にはめるひつようがあるよ！,
24,CHAP2-3, ,ピースをくみあわせて1れつうめると「いぞんしょう」にこうげきできるんだ！,
25,CHAP2-4, ,こうげきするとこのゲージがへってゲージが０になるとやっつけられるよ！,
26,CHAP2-5, ,時間せいげんがあるから気をつけてね！,
27,,,
28,,,
29,,,
30,,,
31,,,
32,,,
33,,,
34,,,
35,,,
36,,,
37,,,
38,,,
39,,,
40,,,
41,,,
42,,,
43,,,
44,,,
45,,,
46,,,
47,,,
48,,,
49,,,
50,,,
51,,,
52,,,
53,,,
54,,,
55,,,
56,,,
57,,,
58,,,
59,,,
60,,,
61,,,
62,,,
63,,,
64,,,
65,,,
66,,,
67,,,
68,,,
69,,,
70,,,
71,,,
72,,,
73,,,
74,,,
75,,,
76,,,
77,,,
78,,,
79,,,
80,,,
81,,,
82,,,
83,,,
84,,,
85,,,
86,,,
87,,,
88,,,
89,,,
90,,,
91,,,
92,,,
93,,,
94,,,
95,,,
96,,,
97,,,
98,,,
99,,,
100,,,
101,,,
102,,,
103,,,
104,,,
105,,,
106,,,
107,,,
108,,,
109,,,
110,,,
111,,,
112,,,
113,,,
114,,,
115,,,
116,,,
117,,,
118,,,
119,,,
120,,,
121,,,
122,,,
123,,,
124,,,
125,,,
